Model,RMSE
OLS-additive,32139.49237062788
OLS+ints,32226.67844103124
Lasso (clean),32355.154438850197
Random Forest,33073.44267889423
