Model,Train_RMSE,Test_RMSE
OLS-add,43423.76519999672,32139.492370627624
OLS+ints,43309.47544057997,32226.678441031116
Lasso,43060.727585612185,32355.154438850197
RF,22001.3811984356,33449.774213912606
NN,95548.339620498,72924.49059896928
